,sondering_id,index,pkey_sondering,sondeernummer,x,y,start_sondering_mtaw,diepte_sondering_tot,diepte,diepte_mtaw,qc,fs,qtn,rf,fr,icn,sbt,ksbt,lithostrat_id
0,314,2593,https://www.dov.vlaanderen.be/data/sondering/1998-005043,GEO-97/127-S2,153278.2,181734.6,15.26,25.4,1.6,13.66,1.17,0.035,35.89400438353187,2.991452991452992,3.0583711988815097,2.56434,5.0,1.434e-07,Quartair
1,314,2594,https://www.dov.vlaanderen.be/data/sondering/1998-005043,GEO-97/127-S2,153278.2,181734.6,15.26,25.4,1.7,13.56,1.57,0.033,42.56231931660572,2.1019108280254777,2.1389681099299973,2.406724,5.0,4.321e-07,Quartair
2,314,2595,https://www.dov.vlaanderen.be/data/sondering/1998-005043,GEO-97/127-S2,153278.2,181734.6,15.26,25.4,1.8,13.459999999999999,1.43,0.036,38.53699112706456,2.5174825174825175,2.5692263773908075,2.491219,5.0,2.392e-07,Quartair
3,314,2596,https://www.dov.vlaanderen.be/data/sondering/1998-005043,GEO-97/127-S2,153278.2,181734.6,15.26,25.4,1.9,13.36,0.5,0.024,15.678500768214604,4.8,5.111165775078922,2.982185,3.0,7.7e-09,Quartair
4,314,2597,https://www.dov.vlaanderen.be/data/sondering/1998-005043,GEO-97/127-S2,153278.2,181734.6,15.26,25.4,2.0,13.26,1.33,0.023,33.203118561084175,1.7293233082706767,1.7721100750416183,2.440158,5.0,3.419e-07,Quartair
5,314,2598,https://www.dov.vlaanderen.be/data/sondering/1998-005043,GEO-97/127-S2,153278.2,181734.6,15.26,25.4,2.1,13.16,1.4,0.033,35.28871839019658,2.357142857142857,2.4155086949765106,2.503022,5.0,2.202e-07,Quartair
6,314,2599,https://www.dov.vlaanderen.be/data/sondering/1998-005043,GEO-97/127-S2,153278.2,181734.6,15.26,25.4,2.2,13.059999999999999,2.21,0.022,47.73037996349114,0.9954751131221719,1.0117337768436125,2.17007,5.0,2.2646e-06,Quartair
7,314,2600,https://www.dov.vlaanderen.be/data/sondering/1998-005043,GEO-97/127-S2,153278.2,181734.6,15.26,25.4,2.3,12.96,2.12,0.027,46.445549933204845,1.2735849056603772,1.2963465909097684,2.242132,5.0,1.3675e-06,Quartair
8,314,2601,https://www.dov.vlaanderen.be/data/sondering/1998-005043,GEO-97/127-S2,153278.2,181734.6,15.26,25.4,2.4,12.86,2.1,0.034,46.4591633360416,1.6190476190476193,1.6496514529769917,2.305786,5.0,8.758e-07,Quartair
9,314,2602,https://www.dov.vlaanderen.be/data/sondering/1998-005043,GEO-97/127-S2,153278.2,181734.6,15.26,25.4,2.5,12.76,1.67,0.037,38.44970398796753,2.215568862275449,2.2709060882755128,2.457241,5.0,3.034e-07,Quartair
10,314,2603,https://www.dov.vlaanderen.be/data/sondering/1998-005043,GEO-97/127-S2,153278.2,181734.6,15.26,25.4,2.6,12.66,1.69,0.024,36.717658571088485,1.4201183431952664,1.4566473575026817,2.354394,5.0,6.232e-07,Quartair
11,314,2604,https://www.dov.vlaanderen.be/data/sondering/1998-005043,GEO-97/127-S2,153278.2,181734.6,15.26,25.4,2.7,12.559999999999999,1.76,0.023,37.28846078969376,1.3068181818181817,1.3403763847823598,2.327883,5.0,7.503e-07,Quartair
12,314,2605,https://www.dov.vlaanderen.be/data/sondering/1998-005043,GEO-97/127-S2,153278.2,181734.6,15.26,25.4,2.8,12.46,1.5,0.02,31.919248750918644,1.3333333333333335,1.3752557359098911,2.389593,5.0,4.871e-07,Quartair
13,314,2606,https://www.dov.vlaanderen.be/data/sondering/1998-005043,GEO-97/127-S2,153278.2,181734.6,15.26,25.4,2.9,12.36,1.6,0.02,33.21686512364314,1.25,1.2881522164118218,2.359241,5.0,6.024e-07,Quartair
14,314,2607,https://www.dov.vlaanderen.be/data/sondering/1998-005043,GEO-97/127-S2,153278.2,181734.6,15.26,25.4,3.0,12.26,1.71,0.023,35.02838274025448,1.345029239766082,1.384766795488854,2.358221,5.0,6.067e-07,Quartair
15,314,2608,https://www.dov.vlaanderen.be/data/sondering/1998-005043,GEO-97/127-S2,153278.2,181734.6,15.26,25.4,3.1,12.16,1.93,0.028,38.823171589573846,1.450777202072539,1.4899797599555349,2.340677,5.0,6.86e-07,Quartair
16,314,2609,https://www.dov.vlaanderen.be/data/sondering/1998-005043,GEO-97/127-S2,153278.2,181734.6,15.26,25.4,3.2,12.059999999999999,1.38,0.035,29.526272341182747,2.5362318840579716,2.63653876280448,2.586921,5.0,1.224e-07,Quartair
17,314,2610,https://www.dov.vlaanderen.be/data/sondering/1998-005043,GEO-97/127-S2,153278.2,181734.6,15.26,25.4,3.3,11.96,0.43,0.013,9.435877868457698,3.0232558139534884,3.458048934657005,3.052802,3.0,4.7e-09,Quartair
18,314,2611,https://www.dov.vlaanderen.be/data/sondering/1998-005043,GEO-97/127-S2,153278.2,181734.6,15.26,25.4,3.4,11.86,0.31,0.018,6.288170736676462,5.806451612903225,7.076969785574705,3.379504,3.0,7e-10,Quartair
19,314,2612,https://www.dov.vlaanderen.be/data/sondering/1998-005043,GEO-97/127-S2,153278.2,181734.6,15.26,25.4,3.5,11.76,0.55,0.014,11.839663650788998,2.545454545454545,2.841112662781511,2.923106,4.0,1.16e-08,Quartair
20,314,2613,https://www.dov.vlaanderen.be/data/sondering/1998-005043,GEO-97/127-S2,153278.2,181734.6,15.26,25.4,3.6,11.66,0.83,0.046,18.444876122938254,5.542168674698796,5.966040670781593,2.97337,3.0,8.2e-09,Quartair
21,314,2614,https://www.dov.vlaanderen.be/data/sondering/1998-005043,GEO-97/127-S2,153278.2,181734.6,15.26,25.4,3.7,11.559999999999999,2.12,0.063,41.77349664745767,2.9716981132075473,3.0594043014924512,2.515624,5.0,2.016e-07,Quartair
22,314,2615,https://www.dov.vlaanderen.be/data/sondering/1998-005043,GEO-97/127-S2,153278.2,181734.6,15.26,25.4,3.8,11.46,0.5,0.02,10.114556894305514,4.0,4.570325714326141,3.100111,3.0,3.4e-09,Quartair
23,314,2616,https://www.dov.vlaanderen.be/data/sondering/1998-005043,GEO-97/127-S2,153278.2,181734.6,15.26,25.4,3.9,11.36,0.6,0.033,12.189092099159042,5.500000000000001,6.157610827204151,3.117905,3.0,3e-09,Quartair
24,314,2617,https://www.dov.vlaanderen.be/data/sondering/1998-005043,GEO-97/127-S2,153278.2,181734.6,15.26,25.4,4.0,11.26,0.71,0.037,14.41547931752876,5.211267605633803,5.74338760217166,3.042798,3.0,5e-09,Quartair
25,314,2618,https://www.dov.vlaanderen.be/data/sondering/1998-005043,GEO-97/127-S2,153278.2,181734.6,15.26,25.4,4.1,11.16,0.48,0.024,9.098378197096224,5.0,5.817041508137797,3.200679,3.0,1.7e-09,Quartair
26,314,2619,https://www.dov.vlaanderen.be/data/sondering/1998-005043,GEO-97/127-S2,153278.2,181734.6,15.26,25.4,4.2,11.059999999999999,0.33,0.012,5.685863553388384,3.6363636363636362,4.59705432598286,3.303946,3.0,9e-10,Quartair
27,314,2620,https://www.dov.vlaanderen.be/data/sondering/1998-005043,GEO-97/127-S2,153278.2,181734.6,15.26,25.4,4.3,10.96,0.36,0.017,6.222530070157166,4.722222222222223,5.873224390459686,3.334184,3.0,8e-10,Quartair
28,314,2621,https://www.dov.vlaanderen.be/data/sondering/1998-005043,GEO-97/127-S2,153278.2,181734.6,15.26,25.4,4.4,10.86,0.38,0.015,6.535140714842261,3.9473684210526314,4.87212354344639,3.269107,3.0,1e-09,Quartair
29,314,2622,https://www.dov.vlaanderen.be/data/sondering/1998-005043,GEO-97/127-S2,153278.2,181734.6,15.26,25.4,4.5,10.76,0.29,0.009,4.542144146233284,3.103448275862069,4.15958237707623,3.360596,3.0,8e-10,Quartair
30,314,2623,https://www.dov.vlaanderen.be/data/sondering/1998-005043,GEO-97/127-S2,153278.2,181734.6,15.26,25.4,4.6,10.66,0.38,0.012,6.323484246210816,3.1578947368421053,3.936771161261532,3.227774,3.0,1.4e-09,Quartair
31,314,2624,https://www.dov.vlaanderen.be/data/sondering/1998-005043,GEO-97/127-S2,153278.2,181734.6,15.26,25.4,4.7,10.559999999999999,0.52,0.022,9.071575388585877,4.23076923076923,4.964044211771637,3.159456,3.0,2.2e-09,Quartair
32,314,2625,https://www.dov.vlaanderen.be/data/sondering/1998-005043,GEO-97/127-S2,153278.2,181734.6,15.26,25.4,4.8,10.46,0.48,0.018,8.11627100364988,3.75,4.4822739404227585,3.171656,3.0,2e-09,Quartair
33,314,2626,https://www.dov.vlaanderen.be/data/sondering/1998-005043,GEO-97/127-S2,153278.2,181734.6,15.26,25.4,4.9,10.36,0.4,0.014,6.391704948287561,3.4999999999999996,4.374827274209917,3.249941,3.0,1.2e-09,Quartair
34,314,2627,https://www.dov.vlaanderen.be/data/sondering/1998-005043,GEO-97/127-S2,153278.2,181734.6,15.26,25.4,5.0,10.26,0.36,0.014,5.497364859243446,3.888888888888889,5.027879099821531,3.338229,3.0,8e-10,Quartair
35,314,2628,https://www.dov.vlaanderen.be/data/sondering/1998-005043,GEO-97/127-S2,153278.2,181734.6,15.26,25.4,5.1,10.16,0.4,0.013,6.18547314377713,3.2499999999999996,4.102412561242031,3.245778,3.0,1.2e-09,Quartair
36,314,2629,https://www.dov.vlaanderen.be/data/sondering/1998-005043,GEO-97/127-S2,153278.2,181734.6,15.26,25.4,5.2,10.059999999999999,0.5,0.015,8.011897105754914,3.0,3.611838457580123,3.121864,3.0,2.9e-09,Quartair
37,314,2630,https://www.dov.vlaanderen.be/data/sondering/1998-005043,GEO-97/127-S2,153278.2,181734.6,15.26,25.4,5.3,9.96,0.45,0.016,6.9352875001429135,3.5555555555555554,4.3990868955523235,3.222332,3.0,1.4e-09,Quartair
38,314,2631,https://www.dov.vlaanderen.be/data/sondering/1998-005043,GEO-97/127-S2,153278.2,181734.6,15.26,25.4,5.4,9.86,0.67,0.024,10.958773136279516,3.5820895522388057,4.123280480197418,3.045353,3.0,4.9e-09,Quartair
39,314,2632,https://www.dov.vlaanderen.be/data/sondering/1998-005043,GEO-97/127-S2,153278.2,181734.6,15.26,25.4,5.5,9.76,0.55,0.023,8.562610541295552,4.181818181818182,4.995414510205705,3.181082,3.0,1.9e-09,Quartair
40,314,2633,https://www.dov.vlaanderen.be/data/sondering/1998-005043,GEO-97/127-S2,153278.2,181734.6,15.26,25.4,5.6,9.66,0.5,0.025,7.509500199119776,5.0,6.115792722394063,3.279742,3.0,1e-09,Quartair
41,314,2634,https://www.dov.vlaanderen.be/data/sondering/1998-005043,GEO-97/127-S2,153278.2,181734.6,15.26,25.4,5.7,9.559999999999999,0.48,0.022,7.028605957505416,4.583333333333333,5.682559004477202,3.283236,3.0,1e-09,Quartair
42,314,2635,https://www.dov.vlaanderen.be/data/sondering/1998-005043,GEO-97/127-S2,153278.2,181734.6,15.26,25.4,5.8,9.46,0.36,0.017,4.768702484480894,4.722222222222223,6.401518756243382,3.449471,3.0,6e-10,Quartair
43,314,2636,https://www.dov.vlaanderen.be/data/sondering/1998-005043,GEO-97/127-S2,153278.2,181734.6,15.26,25.4,5.9,9.36,0.36,0.012,4.693174542624077,3.3333333333333335,4.5452048010216215,3.370014,3.0,7e-10,Quartair
44,314,2637,https://www.dov.vlaanderen.be/data/sondering/1998-005043,GEO-97/127-S2,153278.2,181734.6,15.26,25.4,6.0,9.26,0.43,0.018,5.844642233060665,4.186046511627907,5.414941279686106,3.335273,3.0,8e-10,Quartair
45,314,2638,https://www.dov.vlaanderen.be/data/sondering/1998-005043,GEO-97/127-S2,153278.2,181734.6,15.26,25.4,6.1,9.16,0.43,0.015,5.756243100804661,3.488372093023256,4.534001098475423,3.296139,3.0,9e-10,Quartair
46,314,2639,https://www.dov.vlaanderen.be/data/sondering/1998-005043,GEO-97/127-S2,153278.2,181734.6,15.26,25.4,6.2,9.059999999999999,0.36,0.019,4.4623677130577315,5.277777777777778,7.329305715371831,3.507469,3.0,5e-10,Quartair
47,314,2640,https://www.dov.vlaanderen.be/data/sondering/1998-005043,GEO-97/127-S2,153278.2,181734.6,15.26,25.4,6.3,8.96,3.6,0.016,49.02833407300765,0.4444444444444444,0.4574611941731788,1.985405,6.0,8.2484e-06,Quartair
48,314,2641,https://www.dov.vlaanderen.be/data/sondering/1998-005043,GEO-97/127-S2,153278.2,181734.6,15.26,25.4,6.4,8.86,1.12,0.03,16.65192337521784,2.678571428571428,2.9531394893059995,2.813001,4.0,2.51e-08,Quartair
49,314,2642,https://www.dov.vlaanderen.be/data/sondering/1998-005043,GEO-97/127-S2,153278.2,181734.6,15.26,25.4,6.5,8.76,3.0,0.029,41.80429507168865,0.9666666666666667,1.002025558319338,2.21552,5.0,1.6475e-06,Quartair
50,314,2643,https://www.dov.vlaanderen.be/data/sondering/1998-005043,GEO-97/127-S2,153278.2,181734.6,15.26,25.4,6.6,8.66,2.71,0.043,38.346309016814715,1.5867158671586716,1.6523424805344966,2.371955,5.0,5.511e-07,Quartair
51,314,2644,https://www.dov.vlaanderen.be/data/sondering/1998-005043,GEO-97/127-S2,153278.2,181734.6,15.26,25.4,6.7,8.559999999999999,2.64,0.043,37.050144365171754,1.6287878787878785,1.699204872932056,2.391195,5.0,4.817e-07,Quartair
52,314,2645,https://www.dov.vlaanderen.be/data/sondering/1998-005043,GEO-97/127-S2,153278.2,181734.6,15.26,25.4,6.8,8.46,2.31,0.036,32.114644604956695,1.5584415584415583,1.6372192678426083,2.431295,5.0,3.638e-07,Quartair
53,314,2646,https://www.dov.vlaanderen.be/data/sondering/1998-005043,GEO-97/127-S2,153278.2,181734.6,15.26,25.4,6.9,8.36,2.07,0.034,28.58931195996443,1.6425120772946862,1.7372502001328065,2.487282,5.0,2.458e-07,Quartair
54,314,2647,https://www.dov.vlaanderen.be/data/sondering/1998-005043,GEO-97/127-S2,153278.2,181734.6,15.26,25.4,7.0,8.26,1.45,0.059,20.513962442134947,4.068965517241379,4.418377489705773,2.85236,4.0,1.91e-08,Quartair
55,314,2648,https://www.dov.vlaanderen.be/data/sondering/1998-005043,GEO-97/127-S2,153278.2,181734.6,15.26,25.4,7.1,8.16,0.55,0.019,6.694967075173653,3.4545454545454537,4.380754711271085,3.233795,3.0,1.3e-09,Quartair
56,314,2649,https://www.dov.vlaanderen.be/data/sondering/1998-005043,GEO-97/127-S2,153278.2,181734.6,15.26,25.4,7.2,8.059999999999999,0.38,0.012,4.011665780893275,3.1578947368421053,4.577258277700777,3.428484,3.0,6e-10,Quartair
57,314,2650,https://www.dov.vlaanderen.be/data/sondering/1998-005043,GEO-97/127-S2,153278.2,181734.6,15.26,25.4,7.3,7.96,0.48,0.03,5.459357555557568,6.25,8.321734550834634,3.471171,3.0,5e-10,Quartair
58,314,2651,https://www.dov.vlaanderen.be/data/sondering/1998-005043,GEO-97/127-S2,153278.2,181734.6,15.26,25.4,7.4,7.859999999999999,0.57,0.032,6.7259019308828085,5.614035087719299,7.129745977293093,3.35844,3.0,8e-10,Quartair
59,314,2652,https://www.dov.vlaanderen.be/data/sondering/1998-005043,GEO-97/127-S2,153278.2,181734.6,15.26,25.4,7.5,7.76,0.64,0.017,7.678443266411144,2.6562500000000004,3.28683911293176,3.114035,3.0,3.1e-09,Quartair
60,314,2653,https://www.dov.vlaanderen.be/data/sondering/1998-005043,GEO-97/127-S2,153278.2,181734.6,15.26,25.4,7.6,7.66,0.55,0.017,6.260629855733709,3.090909090909091,3.994262826402811,3.234904,3.0,1.3e-09,Quartair
61,314,2654,https://www.dov.vlaanderen.be/data/sondering/1998-005043,GEO-97/127-S2,153278.2,181734.6,15.26,25.4,7.7,7.56,0.64,0.033,7.4821277069121255,5.15625,6.4211760536733244,3.29398,3.0,9e-10,Quartair
62,314,2655,https://www.dov.vlaanderen.be/data/sondering/1998-005043,GEO-97/127-S2,153278.2,181734.6,15.26,25.4,7.8,7.46,0.5,0.016,5.372815828114813,3.2,4.29724720106285,3.307689,3.0,9e-10,Quartair
63,314,2656,https://www.dov.vlaanderen.be/data/sondering/1998-005043,GEO-97/127-S2,153278.2,181734.6,15.26,25.4,7.9,7.359999999999999,0.45,0.01,4.592437391174414,2.2222222222222223,3.117242679364537,3.289625,3.0,9e-10,Quartair
64,314,2657,https://www.dov.vlaanderen.be/data/sondering/1998-005043,GEO-97/127-S2,153278.2,181734.6,15.26,25.4,8.0,7.26,0.5,0.012,5.242432051980683,2.4,3.249951709329331,3.250303,3.0,1.2e-09,Quartair
65,314,2658,https://www.dov.vlaanderen.be/data/sondering/1998-005043,GEO-97/127-S2,153278.2,181734.6,15.26,25.4,8.1,7.16,0.52,0.011,5.460131645939739,2.115384615384615,2.837357338186201,3.204188,3.0,1.6e-09,Quartair
66,314,2659,https://www.dov.vlaanderen.be/data/sondering/1998-005043,GEO-97/127-S2,153278.2,181734.6,15.26,25.4,8.2,7.0600000000000005,0.57,0.013,6.091257933316295,2.280701754385965,2.980896665022517,3.175155,3.0,2e-09,Quartair
67,314,2660,https://www.dov.vlaanderen.be/data/sondering/1998-005043,GEO-97/127-S2,153278.2,181734.6,15.26,25.4,8.3,6.959999999999999,0.52,0.017,5.324370439209212,3.2692307692307696,4.421225823182227,3.317878,3.0,9e-10,Quartair
68,314,2661,https://www.dov.vlaanderen.be/data/sondering/1998-005043,GEO-97/127-S2,153278.2,181734.6,15.26,25.4,8.4,6.859999999999999,0.57,0.012,5.946958889595281,2.105263157894737,2.771723283575674,3.167264,3.0,2.1e-09,Quartair
69,314,2662,https://www.dov.vlaanderen.be/data/sondering/1998-005043,GEO-97/127-S2,153278.2,181734.6,15.26,25.4,8.5,6.76,0.48,0.01,4.654011826234367,2.0833333333333335,2.9290629092308205,3.270661,3.0,1e-09,Quartair
70,314,2663,https://www.dov.vlaanderen.be/data/sondering/1998-005043,GEO-97/127-S2,153278.2,181734.6,15.26,25.4,8.6,6.66,0.43,0.008,3.9236961313292817,1.8604651162790697,2.7595868060095134,3.321375,3.0,9e-10,Quartair
71,314,2664,https://www.dov.vlaanderen.be/data/sondering/1998-005043,GEO-97/127-S2,153278.2,181734.6,15.26,25.4,8.7,6.5600000000000005,0.81,0.019,8.96588060826848,2.3456790123456788,2.84317477570987,3.023071,3.0,5.8e-09,Quartair
72,314,2665,https://www.dov.vlaanderen.be/data/sondering/1998-005043,GEO-97/127-S2,153278.2,181734.6,15.26,25.4,8.8,6.459999999999999,2.05,0.026,24.178424938382346,1.2682926829268293,1.3637098455007208,2.487781,5.0,2.45e-07,Quartair
73,314,2666,https://www.dov.vlaanderen.be/data/sondering/1998-005043,GEO-97/127-S2,153278.2,181734.6,15.26,25.4,8.9,6.359999999999999,1.33,0.026,15.35195306758472,1.9548872180451125,2.1943198449002392,2.766508,4.0,3.48e-08,Quartair
74,314,2667,https://www.dov.vlaanderen.be/data/sondering/1998-005043,GEO-97/127-S2,153278.2,181734.6,15.26,25.4,9.0,6.26,2.1,0.043,24.649160937177523,2.0476190476190474,2.201610717828393,2.600205,4.0,1.115e-07,Quartair
75,314,2668,https://www.dov.vlaanderen.be/data/sondering/1998-005043,GEO-97/127-S2,153278.2,181734.6,15.26,25.4,9.1,6.16,5.14,0.037,59.01193117968766,0.7198443579766537,0.7412844167900624,2.018631,6.0,6.5367e-06,Quartair
76,314,2669,https://www.dov.vlaanderen.be/data/sondering/1998-005043,GEO-97/127-S2,153278.2,181734.6,15.26,25.4,9.2,6.0600000000000005,5.76,0.059,66.13083584024571,1.0243055555555556,1.0517872300463775,2.064837,5.0,4.7304e-06,Quartair
77,314,2670,https://www.dov.vlaanderen.be/data/sondering/1998-005043,GEO-97/127-S2,153278.2,181734.6,15.26,25.4,9.3,5.959999999999999,9.95,0.09,112.42800941100842,0.9045226130653266,0.9185929616156713,1.847619,6.0,2.16391e-05,Quartair
78,314,2671,https://www.dov.vlaanderen.be/data/sondering/1998-005043,GEO-97/127-S2,153278.2,181734.6,15.26,25.4,9.4,5.859999999999999,12.17,0.134,136.8042409732148,1.1010682004930157,1.1152138219085364,1.839969,6.0,2.28294e-05,Quartair
79,314,2672,https://www.dov.vlaanderen.be/data/sondering/1998-005043,GEO-97/127-S2,153278.2,181734.6,15.26,25.4,9.5,5.76,10.52,0.106,117.41209254127062,1.0076045627376427,1.0228001927175774,1.86365,6.0,1.93421e-05,Quartair
80,314,2673,https://www.dov.vlaanderen.be/data/sondering/1998-005043,GEO-97/127-S2,153278.2,181734.6,15.26,25.4,9.6,5.66,11.14,0.103,123.19061298743361,0.9245960502692998,0.9379172415975006,1.823201,6.0,2.56725e-05,Quartair
81,314,2674,https://www.dov.vlaanderen.be/data/sondering/1998-005043,GEO-97/127-S2,153278.2,181734.6,15.26,25.4,9.7,5.5600000000000005,11.24,0.108,123.5526120712937,0.9608540925266904,0.9747427043981339,1.833223,6.0,2.39333e-05,Quartair
82,314,2675,https://www.dov.vlaanderen.be/data/sondering/1998-005043,GEO-97/127-S2,153278.2,181734.6,15.26,25.4,9.8,5.459999999999999,11.05,0.111,120.7687962827093,1.004524886877828,1.0194791887683594,1.853533,6.0,2.07615e-05,Quartair
83,314,2676,https://www.dov.vlaanderen.be/data/sondering/1998-005043,GEO-97/127-S2,153278.2,181734.6,15.26,25.4,9.9,5.359999999999999,13.38,0.119,144.75464011259137,0.8893871449925261,0.9004262980493487,1.758912,6.0,4.02631e-05,Quartair
84,314,2677,https://www.dov.vlaanderen.be/data/sondering/1998-005043,GEO-97/127-S2,153278.2,181734.6,15.26,25.4,10.0,5.26,16.71,0.158,179.5002094567497,0.9455415918611608,0.9550306790032292,1.708373,6.0,5.73517e-05,Quartair
85,314,2678,https://www.dov.vlaanderen.be/data/sondering/1998-005043,GEO-97/127-S2,153278.2,181734.6,15.26,25.4,10.1,5.16,14.52,0.154,155.40515787903038,1.0606060606060608,1.0730220531343737,1.788483,6.0,3.27349e-05,Quartair
86,314,2679,https://www.dov.vlaanderen.be/data/sondering/1998-005043,GEO-97/127-S2,153278.2,181734.6,15.26,25.4,10.2,5.0600000000000005,12.57,0.132,133.70762377701325,1.0501193317422435,1.0645136564594706,1.833386,6.0,2.3906e-05,Quartair
87,314,2680,https://www.dov.vlaanderen.be/data/sondering/1998-005043,GEO-97/127-S2,153278.2,181734.6,15.26,25.4,10.3,4.959999999999999,10.55,0.116,111.55455228335869,1.099526066350711,1.117739300899376,1.905841,6.0,1.43961e-05,Quartair
88,314,2681,https://www.dov.vlaanderen.be/data/sondering/1998-005043,GEO-97/127-S2,153278.2,181734.6,15.26,25.4,10.4,4.859999999999999,9.48,0.095,99.44255756511897,1.00210970464135,1.020827025612796,1.917907,6.0,1.32301e-05,Quartair
89,314,2682,https://www.dov.vlaanderen.be/data/sondering/1998-005043,GEO-97/127-S2,153278.2,181734.6,15.26,25.4,10.5,4.76,9.79,0.09,101.96325835130298,0.9193054136874361,0.9361081194258454,1.885578,6.0,1.65899e-05,Quartair
90,314,2683,https://www.dov.vlaanderen.be/data/sondering/1998-005043,GEO-97/127-S2,153278.2,181734.6,15.26,25.4,10.6,4.66,10.83,0.091,112.06492330454746,0.840258541089566,0.8542705497324616,1.828682,6.0,2.47062e-05,Quartair
91,314,2684,https://www.dov.vlaanderen.be/data/sondering/1998-005043,GEO-97/127-S2,153278.2,181734.6,15.26,25.4,10.7,4.5600000000000005,16.71,0.155,172.2326464438813,0.9275882704967086,0.937667831067703,1.715649,6.0,5.45038e-05,Quartair
92,314,2685,https://www.dov.vlaanderen.be/data/sondering/1998-005043,GEO-97/127-S2,153278.2,181734.6,15.26,25.4,10.8,4.459999999999999,15.02,0.178,154.0911424623066,1.18508655126498,1.1995924103584523,1.825262,6.0,2.53048e-05,Quartair
93,314,2686,https://www.dov.vlaanderen.be/data/sondering/1998-005043,GEO-97/127-S2,153278.2,181734.6,15.26,25.4,10.9,4.359999999999999,16.48,0.152,167.82161087396483,0.9223300970873786,0.9327220726966139,1.722183,6.0,5.20671e-05,Quartair
94,314,2687,https://www.dov.vlaanderen.be/data/sondering/1998-005043,GEO-97/127-S2,153278.2,181734.6,15.26,25.4,11.0,4.26,22.45,0.191,227.46499728203986,0.8507795100222717,0.8578731901480126,1.602917,6.0,0.0001199865,Quartair
95,314,2688,https://www.dov.vlaanderen.be/data/sondering/1998-005043,GEO-97/127-S2,153278.2,181734.6,15.26,25.4,11.1,4.16,23.07,0.21,232.51232317695943,0.9102730819245773,0.9177388443774326,1.617608,6.0,0.0001082609,Quartair
96,314,2689,https://www.dov.vlaanderen.be/data/sondering/1998-005043,GEO-97/127-S2,153278.2,181734.6,15.26,25.4,11.2,4.0600000000000005,20.21,0.209,202.4434012048149,1.0341415141019297,1.0439406080013764,1.699561,6.0,6.10007e-05,Quartair
97,314,2690,https://www.dov.vlaanderen.be/data/sondering/1998-005043,GEO-97/127-S2,153278.2,181734.6,15.26,25.4,11.3,3.959999999999999,17.19,0.182,170.949854786889,1.0587550901687026,1.0706960904869738,1.758454,6.0,4.03924e-05,Quartair
98,314,2691,https://www.dov.vlaanderen.be/data/sondering/1998-005043,GEO-97/127-S2,153278.2,181734.6,15.26,25.4,11.4,3.8599999999999994,17.24,0.149,170.45130652316746,0.8642691415313226,0.8740898792407109,1.697895,6.0,6.17162e-05,Quartair
99,314,2692,https://www.dov.vlaanderen.be/data/sondering/1998-005043,GEO-97/127-S2,153278.2,181734.6,15.26,25.4,11.5,3.76,14.5,0.074,142.3623264628337,0.5103448275862068,0.5173232149046961,1.614113,6.0,0.0001109421,Quartair
100,314,2693,https://www.dov.vlaanderen.be/data/sondering/1998-005043,GEO-97/127-S2,153278.2,181734.6,15.26,25.4,11.6,3.66,12.14,0.065,118.24916317451724,0.5354200988467874,0.5442734293076555,1.692855,6.0,6.39324e-05,Quartair
101,314,2694,https://www.dov.vlaanderen.be/data/sondering/1998-005043,GEO-97/127-S2,153278.2,181734.6,15.26,25.4,11.7,3.5600000000000005,13.26,0.069,128.74135521235326,0.5203619909502263,0.5283048997657633,1.655113,6.0,8.32638e-05,Quartair
102,314,2695,https://www.dov.vlaanderen.be/data/sondering/1998-005043,GEO-97/127-S2,153278.2,181734.6,15.26,25.4,11.8,3.459999999999999,9.57,0.054,91.76470062392742,0.5642633228840125,0.576381578169671,1.798282,6.0,3.05649e-05,Quartair
103,314,2696,https://www.dov.vlaanderen.be/data/sondering/1998-005043,GEO-97/127-S2,153278.2,181734.6,15.26,25.4,11.9,3.3599999999999994,3.21,0.089,28.902688858590057,2.772585669781931,2.9598278176558313,2.626159,4.0,9.3e-08,Quartair
104,314,2697,https://www.dov.vlaanderen.be/data/sondering/1998-005043,GEO-97/127-S2,153278.2,181734.6,15.26,25.4,12.0,3.26,6.05,0.091,56.18854728865917,1.5041322314049586,1.5568747872116047,2.225775,5.0,1.5334e-06,Quartair
105,314,2698,https://www.dov.vlaanderen.be/data/sondering/1998-005043,GEO-97/127-S2,153278.2,181734.6,15.26,25.4,12.1,3.16,11.24,0.075,106.47025214518189,0.6672597864768682,0.679769435531412,1.785793,6.0,3.33572e-05,Quartair
106,314,2699,https://www.dov.vlaanderen.be/data/sondering/1998-005043,GEO-97/127-S2,153278.2,181734.6,15.26,25.4,12.2,3.0600000000000005,9.45,0.117,88.16314972323792,1.2380952380952384,1.2660668759113087,2.018326,6.0,6.5507e-06,Quartair
107,314,2700,https://www.dov.vlaanderen.be/data/sondering/1998-005043,GEO-97/127-S2,153278.2,181734.6,15.26,25.4,12.3,2.959999999999999,9.0,0.173,82.95301345984132,1.922222222222222,1.9683157706459318,2.167626,5.0,2.3037e-06,Quartair
108,314,2701,https://www.dov.vlaanderen.be/data/sondering/1998-005043,GEO-97/127-S2,153278.2,181734.6,15.26,25.4,12.4,2.8599999999999994,10.36,0.167,95.44013891757089,1.611969111969112,1.6457643154851962,2.069796,5.0,4.569e-06,Quartair
109,314,2702,https://www.dov.vlaanderen.be/data/sondering/1998-005043,GEO-97/127-S2,153278.2,181734.6,15.26,25.4,12.5,2.76,14.9,0.172,138.35302309182228,1.1543624161073824,1.1712421013017649,1.851184,6.0,2.11057e-05,Quartair
110,314,2703,https://www.dov.vlaanderen.be/data/sondering/1998-005043,GEO-97/127-S2,153278.2,181734.6,15.26,25.4,12.6,2.66,21.05,0.253,195.85365477191246,1.2019002375296912,1.2144071714610445,1.757615,6.0,4.06303e-05,Quartair
111,314,2704,https://www.dov.vlaanderen.be/data/sondering/1998-005043,GEO-97/127-S2,153278.2,181734.6,15.26,25.4,12.7,2.5600000000000005,28.62,0.318,266.8215086662938,1.1111111111111112,1.1196742296790696,1.643189,6.0,9.05118e-05,Quartair
112,314,2705,https://www.dov.vlaanderen.be/data/sondering/1998-005043,GEO-97/127-S2,153278.2,181734.6,15.26,25.4,12.8,2.459999999999999,35.62,0.362,332.217126452255,1.016282987085907,1.0226276843987696,1.553063,6.0,0.0001700938,Quartair
113,314,2706,https://www.dov.vlaanderen.be/data/sondering/1998-005043,GEO-97/127-S2,153278.2,181734.6,15.26,25.4,12.9,2.3599999999999994,38.71,0.45,358.8329845783715,1.1624903125807284,1.1692302623140698,1.579908,6.0,0.0001409547,Quartair
114,314,2707,https://www.dov.vlaanderen.be/data/sondering/1998-005043,GEO-97/127-S2,153278.2,181734.6,15.26,25.4,13.0,2.26,40.79,0.489,376.23536312911676,1.1988232409904387,1.2054815101415275,1.578994,6.0,0.0001418594,Quartair
115,314,2708,https://www.dov.vlaanderen.be/data/sondering/1998-005043,GEO-97/127-S2,153278.2,181734.6,15.26,25.4,13.1,2.16,40.12,0.473,368.08853547842506,1.178963110667996,1.1856849687360282,1.578499,6.0,0.0001423518,Quartair
116,314,2709,https://www.dov.vlaanderen.be/data/sondering/1998-005043,GEO-97/127-S2,153278.2,181734.6,15.26,25.4,13.2,2.0600000000000005,37.69,0.457,343.2681611743949,1.2125232157070842,1.2199546749062846,1.606105,6.0,0.0001173386,Quartair
117,314,2710,https://www.dov.vlaanderen.be/data/sondering/1998-005043,GEO-97/127-S2,153278.2,181734.6,15.26,25.4,13.3,1.959999999999999,31.86,0.42,286.8675155392421,1.3182674199623352,1.327925524657496,1.681935,6.0,6.90109e-05,Quartair
118,314,2711,https://www.dov.vlaanderen.be/data/sondering/1998-005043,GEO-97/127-S2,153278.2,181734.6,15.26,25.4,13.4,1.8599999999999994,31.79,0.379,285.3677287429074,1.192198804655552,1.2010332060780173,1.648711,6.0,8.708e-05,Quartair
119,314,2712,https://www.dov.vlaanderen.be/data/sondering/1998-005043,GEO-97/127-S2,153278.2,181734.6,15.26,25.4,13.5,1.7599999999999998,28.86,0.363,256.6239354463283,1.2577962577962578,1.2681641128988859,1.695843,6.0,6.26091e-05,Quartair
120,314,2713,https://www.dov.vlaanderen.be/data/sondering/1998-005043,GEO-97/127-S2,153278.2,181734.6,15.26,25.4,13.6,1.6600000000000001,26.21,0.281,232.10959798437756,1.0721098817245327,1.0819351862307247,1.671082,6.0,7.44579e-05,Quartair
121,314,2714,https://www.dov.vlaanderen.be/data/sondering/1998-005043,GEO-97/127-S2,153278.2,181734.6,15.26,25.4,13.7,1.5600000000000005,22.5,0.268,196.62943384881083,1.1911111111111112,1.2039577373515833,1.75368,6.0,4.1765e-05,Quartair
122,314,2715,https://www.dov.vlaanderen.be/data/sondering/1998-005043,GEO-97/127-S2,153278.2,181734.6,15.26,25.4,13.8,1.459999999999999,20.33,0.251,175.87043910498852,1.2346286276438763,1.2495105456696636,1.79832,6.0,3.05568e-05,Quartair
123,314,2716,https://www.dov.vlaanderen.be/data/sondering/1998-005043,GEO-97/127-S2,153278.2,181734.6,15.26,25.4,13.9,1.3599999999999994,23.36,0.245,203.00642654805335,1.0488013698630136,1.0598806054868029,1.70354,6.0,5.93251e-05,Quartair
124,314,2717,https://www.dov.vlaanderen.be/data/sondering/1998-005043,GEO-97/127-S2,153278.2,181734.6,15.26,25.4,14.0,1.2599999999999998,25.74,0.285,222.9826785722016,1.1072261072261071,1.1179216877284113,1.693264,6.0,6.37496e-05,Quartair
125,314,2718,https://www.dov.vlaanderen.be/data/sondering/1998-005043,GEO-97/127-S2,153278.2,181734.6,15.26,25.4,14.1,1.1600000000000001,30.33,0.318,263.4257676457976,1.0484668644906034,1.057123172989196,1.627565,6.0,0.0001009723,Quartair
126,314,2719,https://www.dov.vlaanderen.be/data/sondering/1998-005043,GEO-97/127-S2,153278.2,181734.6,15.26,25.4,14.2,1.0600000000000005,32.4,0.342,280.6057742099026,1.0555555555555558,1.0637789660079837,1.612118,6.0,0.0001125023,Quartair
127,314,2720,https://www.dov.vlaanderen.be/data/sondering/1998-005043,GEO-97/127-S2,153278.2,181734.6,15.26,25.4,14.3,0.9599999999999991,28.79,0.314,246.7378815399003,1.0906564779437304,1.1003087408127263,1.659215,6.0,8.09071e-05,Quartair
128,314,2721,https://www.dov.vlaanderen.be/data/sondering/1998-005043,GEO-97/127-S2,153278.2,181734.6,15.26,25.4,14.4,0.8599999999999994,25.29,0.238,215.63421802478666,0.9410834321866349,0.9506542278041525,1.65118,6.0,8.5588e-05,Quartair
129,314,2722,https://www.dov.vlaanderen.be/data/sondering/1998-005043,GEO-97/127-S2,153278.2,181734.6,15.26,25.4,14.5,0.7599999999999998,26.45,0.144,229.0821233101543,0.5444234404536862,0.5497569641096682,1.467667,6.0,0.0003092376,Quartair
130,314,2723,https://www.dov.vlaanderen.be/data/sondering/1998-005043,GEO-97/127-S2,153278.2,181734.6,15.26,25.4,14.6,0.6600000000000001,22.74,0.13,194.41325752184352,0.5716798592788039,0.5782554915767494,1.536219,6.0,0.000191379,Quartair
131,314,2724,https://www.dov.vlaanderen.be/data/sondering/1998-005043,GEO-97/127-S2,153278.2,181734.6,15.26,25.4,14.7,0.5600000000000005,23.93,0.165,202.96630935494653,0.6895110739657334,0.6971025235602012,1.575494,6.0,0.0001453778,Quartair
132,314,2725,https://www.dov.vlaanderen.be/data/sondering/1998-005043,GEO-97/127-S2,153278.2,181734.6,15.26,25.4,14.8,0.4599999999999991,23.81,0.133,202.49526615594596,0.5585888282234356,0.5648177818003167,1.516092,6.0,0.0002203334,Quartair
133,314,2726,https://www.dov.vlaanderen.be/data/sondering/1998-005043,GEO-97/127-S2,153278.2,181734.6,15.26,25.4,14.9,0.35999999999999943,16.29,0.131,133.41241164699647,0.8041743400859425,0.8174498113176804,1.758114,6.0,4.04887e-05,Quartair
134,314,2727,https://www.dov.vlaanderen.be/data/sondering/1998-005043,GEO-97/127-S2,153278.2,181734.6,15.26,25.4,15.0,0.2599999999999998,6.24,0.176,45.37438792099435,2.8205128205128203,2.946354798195882,2.478173,5.0,2.62e-07,Mont_Panisel
135,314,2728,https://www.dov.vlaanderen.be/data/sondering/1998-005043,GEO-97/127-S2,153278.2,181734.6,15.26,25.4,15.1,0.16000000000000014,3.5,0.159,23.33813836205999,4.542857142857143,4.920238032552899,2.841446,4.0,2.06e-08,Mont_Panisel
136,314,2729,https://www.dov.vlaanderen.be/data/sondering/1998-005043,GEO-97/127-S2,153278.2,181734.6,15.26,25.4,15.2,0.0600000000000005,3.57,0.192,23.66321578512177,5.378151260504202,5.8188931450284755,2.886607,4.0,1.5e-08,Mont_Panisel
137,314,2730,https://www.dov.vlaanderen.be/data/sondering/1998-005043,GEO-97/127-S2,153278.2,181734.6,15.26,25.4,15.3,-0.040000000000000924,3.24,0.161,21.13883302035443,4.969135802469136,5.42513846612138,2.901792,4.0,1.35e-08,Mont_Panisel
138,314,2731,https://www.dov.vlaanderen.be/data/sondering/1998-005043,GEO-97/127-S2,153278.2,181734.6,15.26,25.4,15.4,-0.14000000000000057,3.19,0.162,20.629402859924944,5.078369905956113,5.556059202577638,2.916598,4.0,1.22e-08,Mont_Panisel
139,314,2732,https://www.dov.vlaanderen.be/data/sondering/1998-005043,GEO-97/127-S2,153278.2,181734.6,15.26,25.4,15.5,-0.2400000000000002,3.5,0.171,22.655220212201904,4.885714285714286,5.304306885138009,2.872994,4.0,1.65e-08,Mont_Panisel
140,314,2733,https://www.dov.vlaanderen.be/data/sondering/1998-005043,GEO-97/127-S2,153278.2,181734.6,15.26,25.4,15.6,-0.33999999999999986,3.1,0.177,19.69789253162886,5.709677419354838,6.272468004169851,2.96702,3.0,8.6e-09,Mont_Panisel
141,314,2734,https://www.dov.vlaanderen.be/data/sondering/1998-005043,GEO-97/127-S2,153278.2,181734.6,15.26,25.4,15.7,-0.4399999999999995,2.95,0.158,18.51542365788266,5.3559322033898304,5.917755660220177,2.969772,3.0,8.4e-09,Mont_Panisel
142,314,2735,https://www.dov.vlaanderen.be/data/sondering/1998-005043,GEO-97/127-S2,153278.2,181734.6,15.26,25.4,15.8,-0.5400000000000009,2.79,0.142,17.28124941635343,5.089605734767025,5.661834806174686,2.979309,3.0,7.9e-09,Mont_Panisel
143,314,2736,https://www.dov.vlaanderen.be/data/sondering/1998-005043,GEO-97/127-S2,153278.2,181734.6,15.26,25.4,15.9,-0.6400000000000006,2.81,0.133,17.296068111988035,4.733096085409253,5.264995687627994,2.958223,3.0,9.1e-09,Mont_Panisel
144,314,2737,https://www.dov.vlaanderen.be/data/sondering/1998-005043,GEO-97/127-S2,153278.2,181734.6,15.26,25.4,16.0,-0.7400000000000002,3.14,0.156,19.416783812180576,4.968152866242038,5.465644236979053,2.931332,4.0,1.1e-08,Mont_Panisel
145,314,2738,https://www.dov.vlaanderen.be/data/sondering/1998-005043,GEO-97/127-S2,153278.2,181734.6,15.26,25.4,16.1,-0.8400000000000016,3.12,0.163,19.143952127882535,5.2243589743589745,5.755117331300373,2.950902,3.0,9.6e-09,Mont_Panisel
146,314,2739,https://www.dov.vlaanderen.be/data/sondering/1998-005043,GEO-97/127-S2,153278.2,181734.6,15.26,25.4,16.2,-0.9399999999999995,3.52,0.16,21.695002046619557,4.545454545454546,4.9530556917624065,2.866908,4.0,1.72e-08,Mont_Panisel
147,314,2740,https://www.dov.vlaanderen.be/data/sondering/1998-005043,GEO-97/127-S2,153278.2,181734.6,15.26,25.4,16.3,-1.040000000000001,3.12,0.131,18.878609186405566,4.198717948717949,4.631554735679868,2.893049,4.0,1.44e-08,Mont_Panisel
148,314,2741,https://www.dov.vlaanderen.be/data/sondering/1998-005043,GEO-97/127-S2,153278.2,181734.6,15.26,25.4,16.4,-1.1399999999999988,3.48,0.186,21.131814318322682,5.344827586206897,5.837172764982372,2.923405,4.0,1.16e-08,Mont_Panisel
149,314,2742,https://www.dov.vlaanderen.be/data/sondering/1998-005043,GEO-97/127-S2,153278.2,181734.6,15.26,25.4,16.5,-1.2400000000000002,2.64,0.131,15.45450582202146,4.962121212121212,5.587365871137596,3.012078,3.0,6.2e-09,Mont_Panisel
150,314,2743,https://www.dov.vlaanderen.be/data/sondering/1998-005043,GEO-97/127-S2,153278.2,181734.6,15.26,25.4,16.6,-1.3400000000000016,3.76,0.277,22.671862413059667,7.367021276595747,7.999822632375962,2.996437,3.0,7e-09,Mont_Panisel
151,314,2744,https://www.dov.vlaanderen.be/data/sondering/1998-005043,GEO-97/127-S2,153278.2,181734.6,15.26,25.4,16.7,-1.4399999999999995,4.64,0.258,28.232661755993014,5.560344827586207,5.943908373349752,2.837902,4.0,2.11e-08,Mont_Panisel
152,314,2745,https://www.dov.vlaanderen.be/data/sondering/1998-005043,GEO-97/127-S2,153278.2,181734.6,15.26,25.4,16.8,-1.540000000000001,4.24,0.301,25.447065907531183,7.099056603773585,7.642376090422168,2.94706,4.0,9.8e-09,Mont_Panisel
153,314,2746,https://www.dov.vlaanderen.be/data/sondering/1998-005043,GEO-97/127-S2,153278.2,181734.6,15.26,25.4,16.9,-1.6399999999999988,9.55,0.61,61.01588031197709,6.387434554973821,6.597133189138539,2.645128,4.0,8.14e-08,Mont_Panisel
154,314,2747,https://www.dov.vlaanderen.be/data/sondering/1998-005043,GEO-97/127-S2,153278.2,181734.6,15.26,25.4,17.0,-1.7400000000000002,8.02,0.656,49.302705002697834,8.179551122194514,8.503672715025337,2.789085,4.0,2.97e-08,Mont_Panisel
155,314,2748,https://www.dov.vlaanderen.be/data/sondering/1998-005043,GEO-97/127-S2,153278.2,181734.6,15.26,25.4,17.1,-1.8400000000000016,13.57,0.678,89.17289677465165,4.9963154016212235,5.112288199269539,2.455453,5.0,3.072e-07,Mont_Panisel
156,314,2749,https://www.dov.vlaanderen.be/data/sondering/1998-005043,GEO-97/127-S2,153278.2,181734.6,15.26,25.4,17.2,-1.9399999999999995,3.5,0.336,20.029619882307433,9.6,10.532436204710358,3.119388,3.0,2.9e-09,Mont_Panisel
157,314,2750,https://www.dov.vlaanderen.be/data/sondering/1998-005043,GEO-97/127-S2,153278.2,181734.6,15.26,25.4,17.3,-2.040000000000001,4.07,0.278,23.44555412526784,6.830466830466831,7.397270126641307,2.962088,3.0,8.9e-09,Mont_Panisel
158,314,2751,https://www.dov.vlaanderen.be/data/sondering/1998-005043,GEO-97/127-S2,153278.2,181734.6,15.26,25.4,17.4,-2.139999999999999,4.33,0.22,24.900462967952308,5.080831408775981,5.477861628228746,2.852503,4.0,1.91e-08,Mont_Panisel
159,314,2752,https://www.dov.vlaanderen.be/data/sondering/1998-005043,GEO-97/127-S2,153278.2,181734.6,15.26,25.4,17.5,-2.24,3.6,0.161,20.242763240094618,4.472222222222222,4.902212641955632,2.886404,4.0,1.5e-08,Mont_Panisel
160,314,2753,https://www.dov.vlaanderen.be/data/sondering/1998-005043,GEO-97/127-S2,153278.2,181734.6,15.26,25.4,17.6,-2.3400000000000016,4.93,0.208,28.516963509408995,4.219066937119676,4.509724345649467,2.751772,4.0,3.86e-08,Mont_Panisel
161,314,2754,https://www.dov.vlaanderen.be/data/sondering/1998-005043,GEO-97/127-S2,153278.2,181734.6,15.26,25.4,17.7,-2.4399999999999995,3.93,0.154,21.98883525899855,3.9185750636132313,4.265546792513862,2.819562,4.0,2.4e-08,Mont_Panisel
162,314,2755,https://www.dov.vlaanderen.be/data/sondering/1998-005043,GEO-97/127-S2,153278.2,181734.6,15.26,25.4,17.8,-2.540000000000001,2.38,0.118,12.468536347800622,4.957983193277311,5.732497094623862,3.090404,3.0,3.6e-09,Mont_Panisel
163,314,2756,https://www.dov.vlaanderen.be/data/sondering/1998-005043,GEO-97/127-S2,153278.2,181734.6,15.26,25.4,17.9,-2.639999999999999,2.62,0.119,13.834884150144822,4.541984732824427,5.181680423246755,3.027628,3.0,5.6e-09,Mont_Panisel
164,314,2757,https://www.dov.vlaanderen.be/data/sondering/1998-005043,GEO-97/127-S2,153278.2,181734.6,15.26,25.4,18.0,-2.74,3.19,0.158,17.15920910117932,4.952978056426333,5.515556834550179,2.974106,3.0,8.1e-09,Mont_Panisel
165,314,2758,https://www.dov.vlaanderen.be/data/sondering/1998-005043,GEO-97/127-S2,153278.2,181734.6,15.26,25.4,18.1,-2.8400000000000016,4.81,0.246,26.68912560803621,5.114345114345115,5.487849377050189,2.831223,4.0,2.21e-08,Mont_Panisel
166,314,2759,https://www.dov.vlaanderen.be/data/sondering/1998-005043,GEO-97/127-S2,153278.2,181734.6,15.26,25.4,18.2,-2.9399999999999995,7.98,0.446,46.288890155575224,5.5889724310776945,5.829647647946158,2.68311,4.0,6.24e-08,Mont_Panisel
167,314,2760,https://www.dov.vlaanderen.be/data/sondering/1998-005043,GEO-97/127-S2,153278.2,181734.6,15.26,25.4,18.3,-3.040000000000001,7.52,0.469,42.66641148580883,6.236702127659575,6.524343728941587,2.743105,4.0,4.1e-08,Mont_Panisel
168,314,2761,https://www.dov.vlaanderen.be/data/sondering/1998-005043,GEO-97/127-S2,153278.2,181734.6,15.26,25.4,18.4,-3.139999999999999,8.07,0.381,46.74641322474517,4.721189591078067,4.924772496727305,2.626429,4.0,9.28e-08,Mont_Panisel
169,314,2762,https://www.dov.vlaanderen.be/data/sondering/1998-005043,GEO-97/127-S2,153278.2,181734.6,15.26,25.4,18.5,-3.24,4.24,0.25,22.666189877203593,5.896226415094339,6.403021583002358,2.928798,4.0,1.12e-08,Mont_Panisel
170,314,2763,https://www.dov.vlaanderen.be/data/sondering/1998-005043,GEO-97/127-S2,153278.2,181734.6,15.26,25.4,18.6,-3.3400000000000016,4.02,0.277,21.25156024611772,6.890547263681593,7.522256749433998,2.997574,3.0,6.9e-09,Mont_Panisel
171,314,2764,https://www.dov.vlaanderen.be/data/sondering/1998-005043,GEO-97/127-S2,153278.2,181734.6,15.26,25.4,18.7,-3.4399999999999995,4.45,0.206,23.587010715247395,4.629213483146067,5.011635477677632,2.843431,4.0,2.03e-08,Mont_Panisel
172,314,2765,https://www.dov.vlaanderen.be/data/sondering/1998-005043,GEO-97/127-S2,153278.2,181734.6,15.26,25.4,18.8,-3.540000000000001,3.52,0.175,18.139067078066613,4.971590909090909,5.505756508460877,2.955508,3.0,9.3e-09,Mont_Panisel
173,314,2766,https://www.dov.vlaanderen.be/data/sondering/1998-005043,GEO-97/127-S2,153278.2,181734.6,15.26,25.4,18.9,-3.639999999999999,4.86,0.229,25.627810066166244,4.711934156378601,5.070292213692256,2.820401,4.0,2.39e-08,Mont_Panisel
174,314,2767,https://www.dov.vlaanderen.be/data/sondering/1998-005043,GEO-97/127-S2,153278.2,181734.6,15.26,25.4,19.0,-3.74,7.4,0.37,40.63797128153119,5.0,5.2449184235299455,2.688152,4.0,6.03e-08,Mont_Panisel
175,314,2768,https://www.dov.vlaanderen.be/data/sondering/1998-005043,GEO-97/127-S2,153278.2,181734.6,15.26,25.4,19.1,-3.8400000000000016,5.71,0.402,30.06031005108752,7.040280210157619,7.4966575639836,2.890772,4.0,1.46e-08,Mont_Panisel
176,314,2769,https://www.dov.vlaanderen.be/data/sondering/1998-005043,GEO-97/127-S2,153278.2,181734.6,15.26,25.4,19.2,-3.9399999999999995,8.57,0.462,46.98964908176914,5.390898483080513,5.620232270717848,2.66697,4.0,6.99e-08,Mont_Panisel
177,314,2770,https://www.dov.vlaanderen.be/data/sondering/1998-005043,GEO-97/127-S2,153278.2,181734.6,15.26,25.4,19.3,-4.040000000000001,4.33,0.268,22.038638572311147,6.189376443418014,6.736544594965935,2.952869,3.0,9.4e-09,Mont_Panisel
178,314,2771,https://www.dov.vlaanderen.be/data/sondering/1998-005043,GEO-97/127-S2,153278.2,181734.6,15.26,25.4,19.4,-4.139999999999999,4.14,0.248,20.858539710286518,5.990338164251209,6.549910654860806,2.961728,3.0,8.9e-09,Mont_Panisel
179,314,2772,https://www.dov.vlaanderen.be/data/sondering/1998-005043,GEO-97/127-S2,153278.2,181734.6,15.26,25.4,19.5,-4.24,4.81,0.306,24.39882446291745,6.361746361746362,6.869778996296337,2.927177,4.0,1.13e-08,Mont_Panisel
180,314,2773,https://www.dov.vlaanderen.be/data/sondering/1998-005043,GEO-97/127-S2,153278.2,181734.6,15.26,25.4,19.6,-4.340000000000002,8.07,0.362,43.41244998829247,4.485749690210657,4.693841488977637,2.633537,4.0,8.83e-08,Mont_Panisel
181,314,2774,https://www.dov.vlaanderen.be/data/sondering/1998-005043,GEO-97/127-S2,153278.2,181734.6,15.26,25.4,19.7,-4.4399999999999995,5.48,0.279,27.725998543016676,5.091240875912409,5.448985290421119,2.817154,4.0,2.44e-08,Mont_Panisel
182,314,2775,https://www.dov.vlaanderen.be/data/sondering/1998-005043,GEO-97/127-S2,153278.2,181734.6,15.26,25.4,19.8,-4.540000000000001,3.6,0.177,17.444168579023454,4.916666666666666,5.465874685507389,2.966138,3.0,8.6e-09,Mont_Panisel
183,314,2776,https://www.dov.vlaanderen.be/data/sondering/1998-005043,GEO-97/127-S2,153278.2,181734.6,15.26,25.4,19.9,-4.639999999999999,5.12,0.327,25.47738836839366,6.386718750000001,6.875172112414893,2.914082,4.0,1.24e-08,Mont_Panisel
184,314,2777,https://www.dov.vlaanderen.be/data/sondering/1998-005043,GEO-97/127-S2,153278.2,181734.6,15.26,25.4,20.0,-4.74,4.88,0.286,24.04818468830354,5.860655737704918,6.33551791493249,2.907091,4.0,1.3e-08,Mont_Panisel
185,314,2778,https://www.dov.vlaanderen.be/data/sondering/1998-005043,GEO-97/127-S2,153278.2,181734.6,15.26,25.4,20.1,-4.840000000000002,3.69,0.205,17.606246608779315,5.555555555555555,6.170481347861798,2.998173,3.0,6.9e-09,Mont_Panisel
186,314,2779,https://www.dov.vlaanderen.be/data/sondering/1998-005043,GEO-97/127-S2,153278.2,181734.6,15.26,25.4,20.2,-4.9399999999999995,4.69,0.195,22.776321514819582,4.157782515991471,4.513572778496095,2.824279,4.0,2.32e-08,Mont_Panisel
187,314,2780,https://www.dov.vlaanderen.be/data/sondering/1998-005043,GEO-97/127-S2,153278.2,181734.6,15.26,25.4,20.3,-5.040000000000001,4.14,0.174,19.765646871256283,4.202898550724638,4.617400817310918,2.877085,4.0,1.61e-08,Mont_Panisel
188,314,2781,https://www.dov.vlaanderen.be/data/sondering/1998-005043,GEO-97/127-S2,153278.2,181734.6,15.26,25.4,20.4,-5.139999999999999,3.81,0.154,17.935193643395834,4.041994750656168,4.481404959624376,2.900715,4.0,1.36e-08,Mont_Panisel
189,314,2782,https://www.dov.vlaanderen.be/data/sondering/1998-005043,GEO-97/127-S2,153278.2,181734.6,15.26,25.4,20.5,-5.24,8.29,0.3,43.127747282990995,3.618817852834741,3.79056650369478,2.569719,5.0,1.381e-07,Mont_Panisel
190,314,2783,https://www.dov.vlaanderen.be/data/sondering/1998-005043,GEO-97/127-S2,153278.2,181734.6,15.26,25.4,20.6,-5.340000000000002,4.52,0.266,21.387866103123734,5.884955752212391,6.4214240074663085,2.94791,4.0,9.8e-09,Mont_Panisel
191,314,2784,https://www.dov.vlaanderen.be/data/sondering/1998-005043,GEO-97/127-S2,153278.2,181734.6,15.26,25.4,20.7,-5.4399999999999995,4.07,0.155,18.961071496723125,3.8083538083538078,4.200031415227381,2.864096,4.0,1.76e-08,Mont_Panisel
192,314,2785,https://www.dov.vlaanderen.be/data/sondering/1998-005043,GEO-97/127-S2,153278.2,181734.6,15.26,25.4,20.8,-5.540000000000001,3.95,0.113,18.248867584063987,2.860759493670886,3.166551080315863,2.799832,4.0,2.76e-08,Mont_Panisel
193,314,2786,https://www.dov.vlaanderen.be/data/sondering/1998-005043,GEO-97/127-S2,153278.2,181734.6,15.26,25.4,20.9,-5.639999999999999,3.31,0.096,14.8985974925243,2.900302114803625,3.2801677790307355,2.879041,4.0,1.58e-08,Mont_Panisel
194,314,2787,https://www.dov.vlaanderen.be/data/sondering/1998-005043,GEO-97/127-S2,153278.2,181734.6,15.26,25.4,21.0,-5.74,2.98,0.089,13.150453826820263,2.9865771812080535,3.429909629064775,2.934024,4.0,1.08e-08,Mont_Panisel
195,314,2788,https://www.dov.vlaanderen.be/data/sondering/1998-005043,GEO-97/127-S2,153278.2,181734.6,15.26,25.4,21.1,-5.840000000000002,3.07,0.083,13.537418827568661,2.703583061889251,3.093588393899573,2.897257,4.0,1.39e-08,Mont_Panisel
196,314,2789,https://www.dov.vlaanderen.be/data/sondering/1998-005043,GEO-97/127-S2,153278.2,181734.6,15.26,25.4,21.2,-5.9399999999999995,3.57,0.072,15.981577127123735,2.0168067226890756,2.263348893347106,2.759769,4.0,3.65e-08,Mont_Panisel
197,314,2790,https://www.dov.vlaanderen.be/data/sondering/1998-005043,GEO-97/127-S2,153278.2,181734.6,15.26,25.4,21.3,-6.040000000000001,5.24,0.257,24.236986032840623,4.904580152671755,5.299926070819525,2.851243,4.0,1.92e-08,Mont_Panisel
198,314,2791,https://www.dov.vlaanderen.be/data/sondering/1998-005043,GEO-97/127-S2,153278.2,181734.6,15.26,25.4,21.4,-6.139999999999999,5.19,0.265,23.854861702770904,5.105973025048169,5.5241496063943085,2.868575,4.0,1.7e-08,Mont_Panisel
199,314,2792,https://www.dov.vlaanderen.be/data/sondering/1998-005043,GEO-97/127-S2,153278.2,181734.6,15.26,25.4,21.5,-6.24,3.9,0.137,17.34955311375199,3.5128205128205128,3.908479382061964,2.873925,4.0,1.64e-08,Mont_Panisel
200,314,2793,https://www.dov.vlaanderen.be/data/sondering/1998-005043,GEO-97/127-S2,153278.2,181734.6,15.26,25.4,21.6,-6.340000000000002,3.05,0.126,13.07347580791953,4.131147540983607,4.7488040638026146,3.022666,3.0,5.8e-09,Mont_Panisel
201,314,2794,https://www.dov.vlaanderen.be/data/sondering/1998-005043,GEO-97/127-S2,153278.2,181734.6,15.26,25.4,21.7,-6.4399999999999995,3.17,0.108,13.595000820913897,3.406940063091483,3.8969249231482763,2.956097,3.0,9.2e-09,Mont_Panisel
202,314,2795,https://www.dov.vlaanderen.be/data/sondering/1998-005043,GEO-97/127-S2,153278.2,181734.6,15.26,25.4,21.8,-6.540000000000001,2.95,0.097,12.452425270756528,3.288135593220339,3.804596763799037,2.980022,3.0,7.8e-09,Mont_Panisel
203,314,2796,https://www.dov.vlaanderen.be/data/sondering/1998-005043,GEO-97/127-S2,153278.2,181734.6,15.26,25.4,21.9,-6.639999999999999,2.81,0.114,11.707727114506959,4.056939501779359,4.734883448064566,3.059335,3.0,4.5e-09,Mont_Panisel
204,314,2797,https://www.dov.vlaanderen.be/data/sondering/1998-005043,GEO-97/127-S2,153278.2,181734.6,15.26,25.4,22.0,-6.74,2.83,0.127,11.743391183248699,4.487632508833922,5.235463329642967,3.085537,3.0,3.7e-09,Mont_Panisel
205,314,2798,https://www.dov.vlaanderen.be/data/sondering/1998-005043,GEO-97/127-S2,153278.2,181734.6,15.26,25.4,22.1,-6.840000000000002,2.31,0.089,9.178482117269915,3.8528138528138522,4.6745783158070795,3.139638,3.0,2.6e-09,Mont_Panisel
206,314,2799,https://www.dov.vlaanderen.be/data/sondering/1998-005043,GEO-97/127-S2,153278.2,181734.6,15.26,25.4,22.2,-6.9399999999999995,2.45,0.103,9.802463139350788,4.204081632653061,5.043958977475041,3.13701,3.0,2.6e-09,Mont_Panisel
207,314,2800,https://www.dov.vlaanderen.be/data/sondering/1998-005043,GEO-97/127-S2,153278.2,181734.6,15.26,25.4,22.3,-7.040000000000001,2.86,0.1,11.71158470736809,3.4965034965034967,4.081339622720952,3.019683,3.0,5.9e-09,Mont_Panisel
208,314,2801,https://www.dov.vlaanderen.be/data/sondering/1998-005043,GEO-97/127-S2,153278.2,181734.6,15.26,25.4,22.4,-7.139999999999999,3.05,0.101,12.557178551724709,3.311475409836066,3.828220608444387,2.97875,3.0,7.9e-09,Mont_Panisel
209,314,2802,https://www.dov.vlaanderen.be/data/sondering/1998-005043,GEO-97/127-S2,153278.2,181734.6,15.26,25.4,22.5,-7.24,5.02,0.222,21.81990587849529,4.422310756972112,4.819468249798209,2.85713,4.0,1.85e-08,Mont_Panisel
210,314,2803,https://www.dov.vlaanderen.be/data/sondering/1998-005043,GEO-97/127-S2,153278.2,181734.6,15.26,25.4,22.6,-7.340000000000002,3.69,0.152,15.441298043492496,4.119241192411923,4.642088088968185,2.960421,3.0,9e-09,Aalbeke
211,314,2804,https://www.dov.vlaanderen.be/data/sondering/1998-005043,GEO-97/127-S2,153278.2,181734.6,15.26,25.4,22.7,-7.4399999999999995,3.19,0.113,13.018748668146133,3.542319749216301,4.075744726708716,2.982903,3.0,7.7e-09,Aalbeke
212,314,2805,https://www.dov.vlaanderen.be/data/sondering/1998-005043,GEO-97/127-S2,153278.2,181734.6,15.26,25.4,22.8,-7.540000000000001,3.31,0.112,13.515700140452324,3.3836858006042294,3.8746147425446935,2.95658,3.0,9.2e-09,Aalbeke
213,314,2806,https://www.dov.vlaanderen.be/data/sondering/1998-005043,GEO-97/127-S2,153278.2,181734.6,15.26,25.4,22.9,-7.639999999999999,3.55,0.113,14.566892746042319,3.183098591549296,3.6117043437534746,2.912184,4.0,1.26e-08,Aalbeke
214,314,2807,https://www.dov.vlaanderen.be/data/sondering/1998-005043,GEO-97/127-S2,153278.2,181734.6,15.26,25.4,23.0,-7.74,3.38,0.108,13.70884450662467,3.195266272189349,3.6525594944077184,2.936075,4.0,1.06e-08,Aalbeke
215,314,2808,https://www.dov.vlaanderen.be/data/sondering/1998-005043,GEO-97/127-S2,153278.2,181734.6,15.26,25.4,23.1,-7.840000000000002,3.17,0.093,12.67453048153801,2.933753943217666,3.3880222658151515,2.943692,4.0,1.01e-08,Aalbeke
216,314,2809,https://www.dov.vlaanderen.be/data/sondering/1998-005043,GEO-97/127-S2,153278.2,181734.6,15.26,25.4,23.2,-7.9399999999999995,3.21,0.099,12.797796217332483,3.0841121495327104,3.5571970353059417,2.952957,3.0,9.4e-09,Aalbeke
217,314,2810,https://www.dov.vlaanderen.be/data/sondering/1998-005043,GEO-97/127-S2,153278.2,181734.6,15.26,25.4,23.3,-8.040000000000001,3.17,0.095,12.554009587783916,2.996845425867508,3.465608613290141,2.952879,3.0,9.4e-09,Aalbeke
218,314,2811,https://www.dov.vlaanderen.be/data/sondering/1998-005043,GEO-97/127-S2,153278.2,181734.6,15.26,25.4,23.4,-8.139999999999999,3.12,0.103,12.266059977472029,3.3012820512820507,3.829930725644548,2.986982,3.0,7.4e-09,Aalbeke
219,314,2812,https://www.dov.vlaanderen.be/data/sondering/1998-005043,GEO-97/127-S2,153278.2,181734.6,15.26,25.4,23.5,-8.24,2.9,0.1,11.208589915932462,3.4482758620689653,4.052730381364167,3.033024,3.0,5.4e-09,Aalbeke
220,314,2813,https://www.dov.vlaanderen.be/data/sondering/1998-005043,GEO-97/127-S2,153278.2,181734.6,15.26,25.4,23.6,-8.340000000000002,2.88,0.09,11.06516357864626,3.125,3.680058457270754,3.012467,3.0,6.2e-09,Aalbeke
221,314,2814,https://www.dov.vlaanderen.be/data/sondering/1998-005043,GEO-97/127-S2,153278.2,181734.6,15.26,25.4,23.7,-8.44,2.9,0.095,11.102782228149788,3.2758620689655173,3.855914063432363,3.023347,3.0,5.8e-09,Aalbeke
222,314,2815,https://www.dov.vlaanderen.be/data/sondering/1998-005043,GEO-97/127-S2,153278.2,181734.6,15.26,25.4,23.8,-8.540000000000001,2.95,0.093,11.274858016241694,3.1525423728813555,3.7024000112535047,3.007467,3.0,6.4e-09,Aalbeke
223,314,2816,https://www.dov.vlaanderen.be/data/sondering/1998-005043,GEO-97/127-S2,153278.2,181734.6,15.26,25.4,23.9,-8.639999999999999,2.93,0.092,11.132694811114398,3.1399317406143346,3.6947464700814128,3.011366,3.0,6.3e-09,Aalbeke
224,314,2817,https://www.dov.vlaanderen.be/data/sondering/1998-005043,GEO-97/127-S2,153278.2,181734.6,15.26,25.4,24.0,-8.74,2.83,0.089,10.635643769424378,3.144876325088339,3.7267107187045676,3.029563,3.0,5.5e-09,Aalbeke
225,314,2818,https://www.dov.vlaanderen.be/data/sondering/1998-005043,GEO-97/127-S2,153278.2,181734.6,15.26,25.4,24.1,-8.840000000000002,2.95,0.09,11.118259236599835,3.0508474576271185,3.5909435464098145,3.00449,3.0,6.6e-09,Aalbeke
226,314,2819,https://www.dov.vlaanderen.be/data/sondering/1998-005043,GEO-97/127-S2,153278.2,181734.6,15.26,25.4,24.2,-8.94,2.6,0.083,9.52090732484175,3.192307692307692,3.852474698135648,3.076911,3.0,4e-09,Aalbeke
227,314,2820,https://www.dov.vlaanderen.be/data/sondering/1998-005043,GEO-97/127-S2,153278.2,181734.6,15.26,25.4,24.3,-9.040000000000001,2.71,0.093,9.960085652389557,3.4317343173431736,4.110317582136182,3.077756,3.0,3.9e-09,Aalbeke
228,314,2821,https://www.dov.vlaanderen.be/data/sondering/1998-005043,GEO-97/127-S2,153278.2,181734.6,15.26,25.4,24.4,-9.139999999999999,2.88,0.109,10.65792871912429,3.7847222222222228,4.4842719628096335,3.077043,3.0,4e-09,Aalbeke
229,314,2822,https://www.dov.vlaanderen.be/data/sondering/1998-005043,GEO-97/127-S2,153278.2,181734.6,15.26,25.4,24.5,-9.24,2.79,0.102,10.215182694782179,3.655913978494623,4.361125651884661,3.084383,3.0,3.8e-09,Aalbeke
230,314,2823,https://www.dov.vlaanderen.be/data/sondering/1998-005043,GEO-97/127-S2,153278.2,181734.6,15.26,25.4,24.6,-9.340000000000002,2.81,0.098,10.254656951628574,3.4875444839857654,4.157866791398481,3.070589,3.0,4.1e-09,Aalbeke
231,314,2824,https://www.dov.vlaanderen.be/data/sondering/1998-005043,GEO-97/127-S2,153278.2,181734.6,15.26,25.4,24.7,-9.44,2.88,0.095,10.510661236650686,3.298611111111111,3.9173437802163806,3.046548,3.0,4.9e-09,Aalbeke
232,314,2825,https://www.dov.vlaanderen.be/data/sondering/1998-005043,GEO-97/127-S2,153278.2,181734.6,15.26,25.4,24.8,-9.540000000000001,2.88,0.093,10.462603781725605,3.229166666666667,3.837821260940694,3.042858,3.0,5e-09,Aalbeke
233,314,2826,https://www.dov.vlaanderen.be/data/sondering/1998-005043,GEO-97/127-S2,153278.2,181734.6,15.26,25.4,24.9,-9.639999999999999,2.69,0.109,9.596966622354646,4.052044609665428,4.884888057809749,3.135794,3.0,2.6e-09,Aalbeke
234,314,2827,https://www.dov.vlaanderen.be/data/sondering/1998-005043,GEO-97/127-S2,153278.2,181734.6,15.26,25.4,25.0,-9.74,2.71,0.107,9.637792160531227,3.9483394833948338,4.75662326798123,3.127307,3.0,2.8e-09,Aalbeke
235,314,2828,https://www.dov.vlaanderen.be/data/sondering/1998-005043,GEO-97/127-S2,153278.2,181734.6,15.26,25.4,25.1,-9.840000000000002,2.57,0.099,8.99588595588391,3.8521400778210118,4.697220571420581,3.147872,3.0,2.4e-09,Aalbeke
236,314,2829,https://www.dov.vlaanderen.be/data/sondering/1998-005043,GEO-97/127-S2,153278.2,181734.6,15.26,25.4,25.2,-9.94,2.52,0.103,8.741348628490119,4.087301587301587,5.010312543950068,3.174712,3.0,2e-09,Aalbeke
237,314,2830,https://www.dov.vlaanderen.be/data/sondering/1998-005043,GEO-97/127-S2,153278.2,181734.6,15.26,25.4,25.3,-10.040000000000001,2.31,0.095,7.81141910895912,4.112554112554113,5.152114197543377,3.221007,3.0,1.4e-09,Aalbeke
238,314,2831,https://www.dov.vlaanderen.be/data/sondering/1998-005043,GEO-97/127-S2,153278.2,181734.6,15.26,25.4,25.4,-10.139999999999999,2.45,0.084,8.366076431559476,3.428571428571429,4.23801846115427,3.14669,3.0,2.4e-09,Aalbeke
